"Title","Rating","Director"
"Harry Potter and the Deathly Hallows: Part 2",8.1,"David Yates"
"Indiana Jones and the Last Crusade",8.3,"Steven Spielberg"
"The Good, the Bad and the Ugly",8.9,"Sergio Leone"
"Harry Potter and the Sorcerer's Stone",7.5,"Chris Columbus"
"Lock, Stock and Two Smoking Barrels",8.2,"Guy Ritchie"
"Harry Potter and the Chamber of Secrets",7.4,"Chris Columbus"
"Harry Potter and the Goblet of Fire",7.7,"Mike Newell"
"Harry Potter and the Prisoner of Azkaban",7.8,"Alfonso Cuarón"
"Monty Python and the Holy Grail",8.3,"Terry Gilliam, Terry Jones"
"Harry Potter and the Order of the Phoenix",7.5,"David Yates"
"Birdman or (The Unexpected Virtue of Ignorance)",7.8,"Alejandro G. Iñárritu"
"Dr. Strangelove or: How I Learned to Stop Worrying and Love the Bomb",8.5,"Stanley Kubrick"
"Live Free or Die Hard",7.2,"Len Wiseman"
"30 Minutes or Less",6.1,"Ruben Fleischer"
"Salò, or the 120 Days of Sodom",6,"Pier Paolo Pasolini"
"DOA: Dead or Alive",4.8,"Corey Yuen"
"Get Rich or Die Tryin'",5.1,"Jim Sheridan"
"Stop! Or My Mom Will Shoot",4.1,"Roger Spottiswoode"
"Hell or High Water",8,"David Mackenzie"
"Life or Something Like It",5.8,"Stephen Herek"
"Dr. Strangelove or: How I Learned to Stop Worrying and Love the Bomb",8.5,"Stanley Kubrick"
"Indiana Jones and the Kingdom of the Crystal Skull",6.2,"Steven Spielberg"
"Indiana Jones and the Temple of Doom",7.6,"Steven Spielberg"
"Harry Potter and the Deathly Hallows: Part 1",7.7,"David Yates"
"Harry Potter and the Half-Blood Prince",7.5,"David Yates"
"Charlie and the Chocolate Factory",6.7,"Tim Burton"
"Beauty and the Beast",8,"Gary Trousdale, Kirk Wise"
"The Chronicles of Narnia: The Lion, the Witch and the Wardrobe",6.9,"Andrew Adamson"
"The Fast and the Furious",6.7,"Rob Cohen"
"Snow White and the Huntsman",6.1,"Rupert Sanders"
"To Be or Not to Be",8.2,"Ernst Lubitsch"
"Bring It On: All or Nothing",5.7,"Steve Rash"
"10 Items or Less",6.7,"Brad Silberling"
"For Love or Money",6.1,"Barry Sonnenfeld"
"Black or White",6.6,"Mike Binder"
"To Be or Not to Be",6.8,"Alan Johnson"
"Make It or Break It",7.6,"N/A"
"All or Nothing",7.6,"Mike Leigh"
"For Richer or Poorer",5.7,"Bryan Spicer"
"Madonna: Truth or Dare",6.1,"Alek Keshishian"
"Fear and Loathing in Las Vegas",7.7,"Terry Gilliam"
"Two and a Half Men",7.1,"N/A"
"The Fast and the Furious: Tokyo Drift",6,"Justin Lin"
"Oz the Great and Powerful",6.4,"Sam Raimi"
"Master and Commander: The Far Side of the World",7.4,"Peter Weir"
"Butch Cassidy and the Sundance Kid",8.1,"George Roy Hill"
"Zack and Miri Make a Porno",6.6,"Kevin Smith"
"Knight and Day",6.3,"James Mangold"
"Snow White and the Seven Dwarfs",7.7,"William Cottrell, David Hand, Wilfred Jackson, Larry Morey, Perce Pearce, Ben Sharpsteen"
"Exodus: Gods and Kings",6.1,"Ridley Scott"
"The Wing or Thigh?",7.3,"Claude Zidi"
"Glen or Glenda",4.1,"Edward D. Wood Jr."
"Truth or Die",5.6,"Robert Heath"
"Dead or Alive",6.9,"Takashi Miike"
"Those Magnificent Men in Their Flying Machines or How I Flew from London to Paris in 25 hours 11 minutes",7,"Ken Annakin"
"Twelfth Night or What You Will",7.3,"Trevor Nunn"
"Two or Three Things I Know About Her...",7,"Jean-Luc Godard"
"Azumi 2: Death or Love",6.3,"Shûsuke Kaneko"
"Trick or Treat",5.7,"Charles Martin Smith"
"Spider Baby or, The Maddest Story Ever Told",7,"Jack Hill"
"Exodus: Gods and Kings",6.1,"Ridley Scott"
"Tucker and Dale vs Evil",7.6,"Eli Craig"
"Jay and Silent Bob Strike Back",6.9,"Kevin Smith"
"Parks and Recreation",8.6,"N/A"
"Dazed and Confused",7.7,"Richard Linklater"
"Mary and Max",8.2,"Adam Elliot"
"Lars and the Real Girl",7.4,"Craig Gillespie"
"Fun with Dick and Jane",6.1,"Dean Parisot"
"Four Weddings and a Funeral",7.1,"Mike Newell"
"Sex and the City",5.5,"Michael Patrick King"
"Truth or Consequences, N.M.",6.3,"Kiefer Sutherland"
"Scary or Die",4,"Bob Badway, Michael Emanuel, Igor Meglic"
"Buffalo Bill and the Indians, or Sitting Bull's History Lesson",6.2,"Robert Altman"
"Wanted: Dead or Alive",5.9,"Gary Sherman"
"Beyond Belief: Fact or Fiction",8,"N/A"
"Dead or Alive 2: Tôbôsha",6.9,"Takashi Miike"
"Deal or No Deal",5,"N/A"
"Love Me or Leave Me",7.2,"Charles Vidor"
"Daddy or Mommy",6,"Martin Bourboulon"
"Live Free or Die",5.6,"Gregg Kavet, Andy Robin"
"Dumb and Dumber To",5.7,"Bobby Farrelly, Peter Farrelly"
"Freaks and Geeks",8.9,"N/A"
"The Princess and the Frog",7.1,"Ron Clements, John Musker"
"The Diving Bell and the Butterfly",8,"Julian Schnabel"
"Rick and Morty",9.3,"N/A"
"Lady and the Tramp",7.3,"Clyde Geronimi, Wilfred Jackson, Hamilton Luske"
"Good Night, and Good Luck.",7.5,"George Clooney"
"Me and Earl and the Dying Girl",7.8,"Alfonso Gomez-Rejon"
"Music and Lyrics",6.5,"Marc Lawrence"
"Sex and the City",7,"N/A"
"March or Die",6.3,"Dick Richards"
"Bullets or Ballots",7.1,"William Keighley"
"Muriel, or The Time of Return",7.5,"Alain Resnais"
"Dead or Alive: Final",5.9,"Takashi Miike"
"Undead or Alive: A Zombedy",5.3,"Glasgow Phillips"
"James Bond 007: Everything or Nothing",8,"Scot Bayless"
"The Inheritance or Fuckoffguysgoodday",7.8,"Vera Chytilová"
"Everything or Nothing",7.6,"Stevan Riley"
"Michael Jackson: Black or White",7.8,"John Landis"
"Carmina or Blow Up",6.3,"Paco León"
"Bonnie and Clyde",7.9,"Arthur Penn"
"Sense and Sensibility",7.7,"Ang Lee"
"Live and Let Die",6.8,"Guy Hamilton"
"Nick and Norah's Infinite Playlist",6.7,"Peter Sollett"
"Sky Captain and the World of Tomorrow",6.1,"Kerry Conran"
"Hide and Seek",5.9,"John Polson"
"Clear and Present Danger",6.9,"Phillip Noyce"
"The Quick and the Dead",6.4,"Sam Raimi"
"You, Me and Dupree",5.6,"Anthony Russo, Joe Russo"
"Leyla and Mecnun",9.2,"N/A"
"Not for, or Against (Quite the Contrary)",6.5,"Cédric Klapisch"
"Otto; or, Up with Dead People",5.3,"Bruce La Bruce"
"Pleasure or Pain",4.5,"Zalman King"
"Fact or Faked: Paranormal Files",6.2,"N/A"
"Welcome, or No Trespassing",8.3,"Elem Klimov"
"Cop or Hood",6.8,"Georges Lautner"
"Institute Benjamenta, or This Dream That One Calls Human Life",7.3,"Stephen Quay, Timothy Quay"
"Crawl or Die",4.3,"Oklahoma Ward"
"Hollywood or Bust",6.6,"Frank Tashlin"
"Lover or Loser",5,"Dave Schram"
"The Fox and the Hound",7.3,"Ted Berman, Richard Rich, Art Stevens"
"Spring, Summer, Fall, Winter... and Spring",8.1,"Ki-duk Kim"
"40 Days and 40 Nights",5.6,"Michael Lehmann"
"Jack and Jill",3.4,"Dennis Dugan"
"The Squid and the Whale",7.4,"Noah Baumbach"
"Sex and the City 2",4.3,"Michael Patrick King"
"Alvin and the Chipmunks",5.2,"Tim Hill"
"Harold and Maude",8,"Hal Ashby"
"House of Sand and Fog",7.6,"Vadim Perelman"
"Arsenic and Old Lace",8.1,"Frank Capra"
"I Don't Know Whether to Slit My Wrists or Leave Them Long",7.2,"Manolo Caro"
"Ek Aur Ek Gyarah: By Hook or by Crook",5,"David Dhawan"
"Or (My Treasure)",7.1,"Keren Yedaya"
"For Better or Worse",1.4,"N/A"
"Read or Die",7.6,"Kôji Masunari"
"Kiss or Kill",6.4,"Bill Bennett"
"Tonight or Never",8,"Mervyn LeRoy"
"Wanted: Dead or Alive",8.2,"N/A"
"Naughty or Nice",6.5,"David Mackay"
"10 Items or Less",6.8,"N/A"
"Pride and Prejudice",9,"N/A"
"Pride and Glory",6.7,"Gavin O'Connor"
"Hannah and Her Sisters",8,"Woody Allen"
"Observe and Report",5.8,"Jody Hill"
"Miss Congeniality 2: Armed and Fabulous",5,"John Pasquin"
"James and the Giant Peach",6.7,"Henry Selick"
"Rust and Bone",7.5,"Jacques Audiard"
"Far and Away",6.5,"Ron Howard"
"Coffee and Cigarettes",7.1,"Jim Jarmusch"
"The Ghost and the Darkness",6.8,"Stephen Hopkins"
"To Paint or Make Love",6.1,"Arnaud Larrieu, Jean-Marie Larrieu"
"Yes or No",7.1,"Saratswadee Wongsomphet"
"My Sex Life... or How I Got Into an Argument",6.9,"Arnaud Desplechin"
"The Dover Boys at Pimento University or The Rivals of Roquefort Hall",7.2,"Chuck Jones"
"Love It or List It",6.3,"N/A"
"For Love or Country: The Arturo Sandoval Story",7.4,"Joseph Sargent"
"For Better or Worse",4.2,"N/A"
"Love Affair, or the Case of the Missing Switchboard Operator",7.4,"Dusan Makavejev"
"Funny or Die Presents...",5.9,"N/A"
"Blue Mountains, or Unbelievable Story",8.9,"Eldar Shengelaia"
"4 Months, 3 Weeks and 2 Days",7.9,"Cristian Mungiu"
"Fanny and Alexander",8.1,"Ingmar Bergman"
"Beavis and Butt-Head Do America",6.8,"Mike Judge, Mike de Seve, Brian Mulroney, Yvette Kaplan"
"Crimes and Misdemeanors",8,"Woody Allen"
"An Officer and a Gentleman",7,"Taylor Hackford"
"Asterix and Obelix Meet Cleopatra",6.6,"Alain Chabat"
"Sex, Lies, and Videotape",7.2,"Steven Soderbergh"
"3 Men and a Baby",5.9,"Leonard Nimoy"
"Celal and Ceren",2.4,"Togan Gökbakar"
"My Father and My Son",8.7,"Çagan Irmak"
"Gas! -Or- It Became Necessary to Destroy the World in Order to Save It.",3.9,"Roger Corman"
"Ripley's Believe It or Not!",6.7,"N/A"
"Sinatra: All or Nothing at All",8,"N/A"
"Physical or Chemical",6,"N/A"
"Thirteen or So Minutes",6.8,"William Branden Blinn"
"Ready or Not",4.9,"Sean Doyle"
"Hell, Heaven or Hoboken",6.9,"John Guillermin"
"Flip or Flop",6.4,"N/A"
"The Avenging Conscience: or 'Thou Shalt Not Kill'",7,"D.W. Griffith"
"When Evening Falls on Bucharest or Metabolism",6.3,"Corneliu Porumboiu"
"Romy and Michele's High School Reunion",6.1,"David Mirkin"
"Smokey and the Bandit",6.9,"Hal Needham"
"Hector and the Search for Happiness",7,"Peter Chelsom"
"The Prince and Me",5.9,"Martha Coolidge"
"Alvin and the Chipmunks: The Squeakquel",4.5,"Betty Thomas"
"Of Mice and Men",7.5,"Gary Sinise"
"Midnight in the Garden of Good and Evil",6.6,"Clint Eastwood"
"Only Fools and Horses....",8.9,"N/A"
"In the Land of Blood and Honey",4.3,"Angelina Jolie"
"Anna and the King",6.7,"Andy Tennant"
"Alive or Dead",3.1,"Stephen Goetsch"
"Paradise or Oblivion",8.3,"Roxanne Meadows"
"With or Without You",6.2,"Michael Winterbottom"
"Ride or Die",4.3,"Craig Ross Jr."
"Your Family or Mine",6,"N/A"
"Ready or Not",8.3,"N/A"
"Presentation, or Charlotte and Her Steak",6.7,"Éric Rohmer"
"Princess Nicotine; or, The Smoke Fairy",6.6,"J. Stuart Blackton"
"Alice or the Last Escapade",7,"Claude Chabrol"
"Trick or Treat",7.2,"Jack Hannah"
"Asterix and Obelix vs. Caesar",5.9,"Claude Zidi"
"Me and You and Everyone We Know",7.4,"Miranda July"
"Mike and Dave Need Wedding Dates",6.1,"Jake Szymanski"
"Dumb and Dumberer: When Harry Met Lloyd",3.4,"Troy Miller"
"Alexander and the Terrible, Horrible, No Good, Very Bad Day",6.2,"Miguel Arteta"
"Dracula: Dead and Loving It",5.8,"Mel Brooks"
"Beauty and the Beast",7.2,"N/A"
"Sex and Lucia",7.2,"Julio Medem"
"Hit and Run",6.1,"David Palmer, Dax Shepard"
"Tom and Jerry",8.7,"N/A"
"David Blaine: Real or Magic",7.8,"Matthew Akers"
"Toby Tyler, or Ten Weeks with a Circus",7.1,"Charles Barton"
"Kill or Be Killed",4.4,"Duane Graves, Justin Meeks"
"All or Nothing: A Season with the Arizona Cardinals",8.9,"N/A"
"Don Juan (Or If Don Juan Were a Woman)",5,"Roger Vadim"
"Do or Die",3.4,"Andy Sidaris"
"Tere Bin Laden Dead or Alive",4.3,"Abhishek Sharma"
"Truth or Dare",6.5,"François Ozon"
"For Better or for Worse",5.3,"Marita Grabiak"
"Now or Never",6.8,"Fred C. Newmeyer, Hal Roach"
"Love and Death",7.8,"Woody Allen"
"Sweet and Lowdown",7.3,"Woody Allen"
"Jules and Jim",7.9,"François Truffaut"
"Melinda and Melinda",6.5,"Woody Allen"
"Kind Hearts and Coronets",8.1,"Robert Hamer"
"Pride and Prejudice and Zombies",5.8,"Burr Steers"
"Bedknobs and Broomsticks",7,"Robert Stevenson"
"Hedwig and the Angry Inch",7.8,"John Cameron Mitchell"
"Come and See",8.3,"Elem Klimov"
"The 100 Year-Old Man Who Climbed Out the Window and Disappeared",7.1,"Felix Herngren"
"Now or Never",5.9,"Lars Büchel"
"Be Somebody... or Be Somebody's Fool!",8.3,"Jeff Margolis"
"Skate or Die",4,"Miguel Courtois"
"Chance or Coincidence",6.7,"Claude Lelouch"
"Pets or Meat: The Return to Flint",4.6,"Michael Moore"
"To Beep or Not to Beep",7.7,"Chuck Jones, Maurice Noble"
"To Duck... or Not to Duck",7.4,"Chuck Jones"
"The X Files: Resist or Serve",8.6,"N/A"
"Truth or Dare?: A Critical Madness",5.7,"Tim Ritter"
"I Need That Record! The Death (or Possible Survival) of the Independent Record Store",6.7,"Brendan Toller"
"Arthur and the Invisibles",6,"Luc Besson"
"Blood and Bone",6.7,"Ben Ramsey"
"Going Clear: Scientology and the Prison of Belief",8.1,"Alex Gibney"
"Aladdin and the King of Thieves",6.4,"Tad Stones"
"Gods and Monsters",7.5,"Bill Condon"
"The Suite Life of Zack and Cody",6.2,"N/A"
"Harry and the Hendersons",5.9,"William Dear"
"And Now for Something Completely Different",7.6,"Ian MacNaughton"
"Romeo and Juliet",7.7,"Franco Zeffirelli"
"To Have and Have Not",8,"Howard Hawks"
"For Better or Worse",4.8,"Jason Alexander"
"Odilon Redon or The Eye Like a Strange Balloon Mounts Toward Infinity",7.1,"Guy Maddin"
"Nero. Or the Fall of Rome.",5.3,"Luigi Maggi"
"Derren Brown: Trick or Treat",8.9,"N/A"
"Alien Autopsy: (Fact or Fiction?)",4.4,"Tom McGough"
"Heads or Tails",6,"Claude Fournier"
"The Beginning or the End",7,"Norman Taurog"
"Sooner or Later",7.9,"Bruce Hart"
"The All New Adventures of Laurel & Hardy in 'For Love or Mummy'",4.6,"John R. Cherry III, Larry Harmon"
"Join or Die with Craig Ferguson",7.2,"N/A"
"Sid and Nancy",7.1,"Alex Cox"
"...and justice for all.",7.4,"Norman Jewison"
"Alvin and the Chipmunks: Chipwrecked",4.4,"Mike Mitchell"
"Take the Money and Run",7.3,"Woody Allen"
"Frankie and Johnny",6.7,"Garry Marshall"
"Pinky and the Brain",8,"N/A"
"Now and Then",6.7,"Lesli Linka Glatter"
"Husbands and Wives",7.6,"Woody Allen"
"Beavis and Butt-Head",7.5,"N/A"
"Phineas and Ferb",8,"N/A"
"Bubble Fiction: Boom or Bust",6.8,"Yasuo Baba"
"Love or Whatever",5.7,"Rosser Goodman"
"From the Manger to the Cross; or, Jesus of Nazareth",5.9,"Sidney Olcott"
"Deal or No Deal?",5,"N/A"
"Now or Never",6.3,"Lucio Pellegrini"
"Weird or What?",6.8,"N/A"
"Trick or Treats",3.9,"Gary Graver"
"Fireworks, Should We See It from the Side or the Bottom?",7.2,"Shunji Iwai"
"Yes or No: Come Back to Me",6.9,"Saratswadee Wongsomphet"
"You or Me",5.3,"Tamás Sas"
"To Live and Die in L.A.",7.3,"William Friedkin"
"My Wife and Kids",6.8,"N/A"
"The Adventures of Sharkboy and Lavagirl 3-D",3.5,"Robert Rodriguez"
"The Jinx: The Life and Deaths of Robert Durst",8.8,"N/A"
"Breaking and Entering",6.5,"Anthony Minghella"
"Angus, Thongs and Perfect Snogging",6.4,"Gurinder Chadha"
"The King and I",7.5,"Walter Lang"
"Beauty and the Beast",8,"Jean Cocteau, René Clément"
"Josie and the Pussycats",5.3,"Harry Elfont, Deborah Kaplan"
"Catch and Release",6,"Susannah Grant"
"Truth or Dare",5.4,"Jessica Cameron"
"Superman, Spiderman or Batman",7.9,"Tudor Giurgiu"
"The Super Phelous Angry Reviewing Meta-Show or Something...",7.6,"N/A"
"Truth or Dare",7.3,"John Madden"
"Are We Men or Corporals?",7.1,"Camillo Mastrocinque"
"Love Me Forever or Never",6.9,"Arnaldo Jabor"
"Rupan sansei: Dead or Alive",7.1,"Monkey Punch"
"Pay or Die",6.9,"Richard Wilson"
"For Love or Money",6.2,"Michael Gordon"
"Italy: Love It, or Leave It",6.6,"Gustav Hofer, Luca Ragazzi"
"State and Main",6.8,"David Mamet"
"High and Low",8.4,"Akira Kurosawa"
"Saints and Soldiers",6.8,"Ryan Little"
"3 Men and a Little Lady",5.2,"Emile Ardolino"
"Death and the Maiden",7.3,"Roman Polanski"
"The Serpent and the Rainbow",6.5,"Wes Craven"
"Jason and the Argonauts",7.4,"Don Chaffey"
"Mad Dog and Glory",6.2,"John McNaughton"
"Lost and Delirious",7,"Léa Pool"
"Halt and Catch Fire",8.3,"N/A"
"To Die (Or Not)",6.9,"Ventura Pons"
"Inside: 'Dr. Strangelove or How I Learned to Stop Worrying and Love the Bomb'",7.5,"David Naylor"
"The Monster of Camp Sunshine or How I Learned to Stop Worrying and Love Nature",2.9,"Ferenc Leroget"
"One Woman or Two",5.4,"Daniel Vigne"
"The Prisoner or: How I Planned to Kill Tony Blair",6.9,"Petra Epperlein, Michael Tucker"
"It's Me or the Dog",7,"N/A"
"Do or Die",4.4,"David Jackson"
"Dora or The Sexual Neuroses of Our Parents",6.3,"Stina Werenfels"
"Ripley's Believe It or Not!",7.8,"N/A"
"Rain or Shine",6,"Frank Capra"
"Burke and Hare",6.2,"John Landis"
"Thunderbolt and Lightfoot",7.1,"Michael Cimino"
"Kubo and the Two Strings",8.3,"Travis Knight"
"Love and Other Impossible Pursuits",6.4,"Don Roos"
"Ricki and the Flash",6,"Jonathan Demme"
"Blood and Chocolate",5.5,"Katja von Garnier"
"Akeelah and the Bee",7.5,"Doug Atchison"
"Harley Davidson and the Marlboro Man",6,"Simon Wincer"
"Birdemic: Shock and Terror",1.8,"James Nguyen"
"Flame and Citron",7.3,"Ole Christian Madsen"
"To Play or To Die",6.4,"Frank Krom"
"Women or Children First",6.9,"Manuel Poirier"
"Poisons or the World History of Poisoning",6.6,"Karen Shakhnazarov"
"The Last Supper or How Two Madmen Made a Film",7.3,"Vojko Anzeljc"
"The Making of 'Evil Dead II' or The Gore the Merrier",7.9,"Robert A. Ferretti"
"Faces of Death: Fact or Fiction?",3.1,"John Alan Schwartz"
"Shoot or Be Shot",5,"J. Randall Argue"
"Maria Marten, or The Murder in the Red Barn",6,"Milton Rosmer"
"The Speed: Do or Die",6.7,"Shohanor Rahman Shohan"
"Live Free or Die",7.8,"N/A"
"Ramona and Beezus",6.7,"Elizabeth Allen Rosenbaum"
"Boys and Girls",5.3,"Robert Iscove"
"And Soon the Darkness",5.2,"Marcos Efron"
"Two Guys, a Girl and a Pizza Place",7.4,"N/A"
"The Young and the Damned",8.3,"Luis Buñuel"
"Ramona and Beezus",6.7,"Elizabeth Allen Rosenbaum"
"Gods and Generals",6.3,"Ron Maxwell"
"Shadows and Fog",6.8,"Woody Allen"
"And Then There Were None",8.1,"N/A"
"Beauty and the Beast",6.4,"Christophe Gans"
"Sink or Swim",7.3,"Su Friedrich"
"Orderly or Disorderly",6.5,"Abbas Kiarostami"
"Twelfth Night, or What You Will",7.4,"N/A"
"By Hook or by Crook",5.9,"Harry Dodge, Silas Howard"
"Hitler--Dead or Alive",4.9,"Nick Grinde"
"'8 Out of 10 Cats' Does 'Deal or No Deal'",6.9,"Ollie Bartlett"
"Juliette, or Key of Dreams",7,"Marcel Carné"
"Deux femmes en or",4.2,"Claude Fournier"
"For Better or For Worse",5.1,"Gene Quintano"
"Danielson: A Family Movie (or, Make a Joyful Noise Here)",7.3,"J.L. Aronson"
"Heart and Souls",6.9,"Ron Underwood"
"The Princess and the Warrior",7.6,"Tom Tykwer"
"The Life and Death of Peter Sellers",7,"Stephen Hopkins"
"Grace and Frankie",8.2,"N/A"
"A Boy and His Dog",6.6,"L.Q. Jones"
"Down and Out in Beverly Hills",6.1,"Paul Mazursky"
"Cow and Chicken",6.7,"N/A"
"Night and Fog",8.6,"Alain Resnais"
"Of Gods and Men",7.2,"Xavier Beauvois"
"Stand and Deliver",7.3,"Ramón Menéndez"
"Alive or Preferably Dead",5.4,"Duccio Tessari"
"Charles, Dead or Alive",7.4,"Alain Tanner"
"Truth or Dare",6.6,"Arne Nolting, Jan Martin Scharf"
"It Was Him or Us",5.4,"Robert Iscove"
"Now or Never",5.7,"Serge Frydman"
"Dead or Alive 4",7.7,"Katsunori Ehara, Tomonobu Itagaki, Hiroaki Matsui"
"Whether You Like It or Not: The Story of Hedwig",7.7,"Laura Nix"
"Geek Maggot Bingo or The Freak from Suckweasel Mountain",3.2,"Nick Zedd"
"Wax, or the Discovery of Television Among the Bees",7.1,"David Blair"
"Oh! What a Night; or, The Sultan's Dream",5.8,"Georges Méliès"
"Wendy and Lucy",7.1,"Kelly Reichardt"
"The Death and Life of Bobby Z",5.9,"John Herzfeld"
"Guys and Dolls",7.3,"Joseph L. Mankiewicz"
"He-Man and the Masters of the Universe",7.5,"N/A"
"The Ghost and Mrs. Muir",7.9,"Joseph L. Mankiewicz"
"Tucker: The Man and His Dream",6.9,"Francis Ford Coppola"
"Love and Other Disasters",6.3,"Alek Keshishian"
"The Young and Prodigious T.S. Spivet",7.1,"Jean-Pierre Jeunet"
"For Love and Honour",7.9,"Ömer Vargi"
"The Tiger and the Snow",7.2,"Roberto Benigni"
"Scrooge; or Marley's Ghost",5.7,"Walter R. Booth"
"Dead or Alive 3",7.7,"Tomonobu Itagaki, Hiroaki Matsui"
"2012: Science or Superstition",5.2,"Nimrod Erez"
"One or the Other",7.1,"Wolfgang Petersen"
"Take It or Leave It",7.3,"Dave Robinson"
"Double or Mutton",7.6,"Chuck Jones"
"Higglety Pigglety Pop! or There Must Be More to Life",6.9,"Chris Lavis, Maciek Szczerbowski"
"Eatin' on the Cuff or The Moth Who Came to Dinner",7,"Robert Clampett"
"Heaven or Vegas",4.8,"Gregory C. Haynes"
"Spider-Man: Friend or Foe",6.8,"Jason Carr"
"Rocco and His Brothers",8.3,"Luchino Visconti"
"Smokey and the Bandit II",5.1,"Hal Needham"
"Tristram Shandy: A Cock and Bull Story",6.8,"Michael Winterbottom"
"Abbott and Costello Meet Frankenstein",7.6,"Charles Barton"
"Alpha and Omega",5.3,"Anthony Bell, Ben Gluck"
"The Young and Prodigious T.S. Spivet",7.1,"Jean-Pierre Jeunet"
"Dogtown and Z-Boys",7.7,"Stacy Peralta"
"Ali Baba and the Seven Dwarfs",6.3,"Cem Yilmaz"
"A Matter of Loaf and Death",7.7,"Nick Park"
"Key and Peele",8.3,"N/A"
"Naughty or Nice",5.8,"Eric Laneuville"
"Your Place or Mine",6.8,"James Yuen"
"Shall We Go to My Place or Your Place or Each Go Home Alone?",7,"Lasse Hallström"
"Soup or Sonic",7,"Chuck Jones, Phil Monroe"
"Your Money or Your Life",5.5,"Jean-Pierre Mocky"
"Confirm or Deny",6.5,"Archie Mayo, Fritz Lang"
"Double or Nothing",6.5,"Theodore Reed"
"Acera, or the Witches' Dance",6.7,"Geneviève Hamon, Jean Painlevé"
"Let Us Go and Burn Her Body; Or, The Devil Done Let Out",1.9,"Damon Blalack"
"Twelfth Night, or What You Will",7.4,"Paul Kafno"
"Alvin and the Chipmunks: The Road Chip",5.1,"Walt Becker"
"The Life and Death of Colonel Blimp",8.2,"Michael Powell, Emeric Pressburger"
"Hope and Glory",7.4,"John Boorman"
"Mother and Child",7.2,"Rodrigo García"
"Hunting and Gathering",6.8,"Claude Berri"
"The Bad and the Beautiful",7.9,"Vincente Minnelli"
"Witching and Bitching",6.4,"Álex de la Iglesia"
"Sex and Death 101",6,"Daniel Waters"
"Dr. Jekyll and Mr. Hyde",7.7,"Rouben Mamoulian"
"The Ballad of Jack and Rose",6.7,"Rebecca Miller"
"The Rally to Restore Sanity and/or Fear",7.4,"Chuck O'Neil"
"Game of Thrones: You Win or You Die - Inside the HBO Series",8.4,"Jacqui Busséy"
"Benilde or the Virgin Mother",7.2,"Manoel de Oliveira"
"For Better or For Worser",7.1,"Dave Fleischer, Seymour Kneitel"
"Dead or Alive 2: Hardcore",7.5,"Tomonobu Itagaki"
"Tonight or Never",6.5,"Michel Deville"
"Deep Purple: Come Hell or High Water",8.3,"Hugh Symonds"
"Do or Die",7.2,"N/A"
"D.I.Y. or Die: How to Survive as an Independent Artist",6.8,"Michael W. Dean"
"Sisters, or The Balance of Happiness",7.1,"Margarethe von Trotta"
"Me and Orson Welles",6.8,"Richard Linklater"
"Cheech and Chong's Next Movie",6.1,"Tommy Chong"
"Pit and the Pendulum",7.1,"Roger Corman"
"And Then There Were None",7.6,"René Clair"
"And So It Goes",5.8,"Rob Reiner"
"Days of Wine and Roses",7.9,"Blake Edwards"
"Robin and Marian",6.6,"Richard Lester"
"Astérix and Obélix: God Save Britannia",5.3,"Laurent Tirard"
"The Adventures of Ichabod and Mr. Toad",7.2,"James Algar, Clyde Geronimi, Jack Kinney"
"Hilary and Jackie",7.4,"Anand Tucker"
"Palermo or Wolfsburg",6.8,"Werner Schroeter"
"Dumb Bobes, or Czech Tarzan",8.6,"Ladislav Smoljak"
"Love Me or Leave Me Alone",6.4,"Duane Hopkins"
"Thirty Lies or So",5.9,"Kentarô Ohtani"
"Love It or List It Vancouver",6.3,"N/A"
"10 jours en or",5.3,"Nicolas Brossette"
"Murder or Memory: A Moment of Truth Movie",6.2,"Christopher Leitch"
"Play the Game or Leave the Bed",5.2,"Hans Schott-Schöbinger"
"2 or 3 Things I Know About Him",7.3,"Malte Ludin"
"Zefiro Torna or Scenes from the Life of George Maciunas (Fluxus)",6.6,"Jonas Mekas"
"The Adventures of Milo and Otis",7.2,"Masanori Hata"
"Tim and Eric Awesome Show, Great Job!",7.3,"N/A"
"Armed and Dangerous",5.5,"Mark L. Lester"
"City of Life and Death",7.7,"Chuan Lu"
"Night and the City",8,"Jules Dassin"
"The Falcon and the Snowman",6.8,"John Schlesinger"
"Asterix and Cleopatra",7.2,"René Goscinny, Albert Uderzo"
"Asterix and the Vikings",6,"Stefan Fjeldmark, Jesper Møller"
"Jeeves and Wooster",8.6,"N/A"
"Captain Planet and the Planeteers",6.7,"N/A"
"Dealing: Or the Berkeley-to-Boston Forty-Brick Lost-Bag Blues",6.2,"Paul Williams"
"Coffee, Tea or Me?",6.3,"Norman Panama"
"All or Nothing at All",7.8,"N/A"
"To Be or Not to Be",7.2,"Kianoush Ayari"
"Twelfth Night, or What You Will",6.5,"Tim Supple"
"LSD: Insight or Insanity?",4.6,"Max Miller"
"Kill or Cure",6,"George Pollock"
"Win, Lose or Love",5.9,"Steven R. Monroe"
"To Speak or Not to Speak",7.2,"Raoul Servais"
"Checkered Flag or Crash",4.5,"Alan Gibson"
"Garfield and Friends",7.3,"N/A"
"Tim and Eric's Billion Dollar Movie",5.3,"Tim Heidecker, Eric Wareheim"
"Land and Freedom",7.6,"Ken Loach"
"Bread and Tulips",7.4,"Silvio Soldini"
"And the Band Played On",7.8,"Roger Spottiswoode"
"Blood and Wine",6.1,"Bob Rafelson"
"Justice League: Gods and Monsters",7.1,"Sam Liu"
"Mozart and the Whale",6.9,"Petter Næss"
"Tinker Bell and the Lost Treasure",6.8,"Klay Hall"
"Mac and Me",3.4,"Stewart Raffill"
"LSD: Insight or Insanity?",4.6,"Max Miller"
"A Moonlight Serenade; or, The Miser Punished",5.8,"Georges Méliès"
"The Poacher's Foster Daughter or Noble Millionaire",6.9,"Martin Fric"
"Ride or Die",2,"Chris W. Hill"
"With or Without You",4.7,"G. Stubbs"
"Beg, Borrow or Steal",6.6,"Wilhelm Thiele"
"One Way or Another",6.6,"Julio García Espinosa, Thomas González Pérez, Tomás Gutiérrez Alea, Sara Gómez"
"Win, Lose or Draw",6.5,"N/A"
"Love, Lust or Run",5.5,"N/A"
"Do Not Fold, Spindle or Mutilate",7.1,"Ted Post"
"Tom and Huck",5.6,"Peter Hewitt"
"Love and Honor",5.7,"Danny Mooney"
"Wolverine and the X-Men",8.1,"N/A"
"The Devil and Daniel Johnston",8,"Jeff Feuerzeig"
"North and South",8.1,"N/A"
"Ashes and Diamonds",7.9,"Andrzej Wajda"
"Bell Book and Candle",6.9,"Richard Quine"
"My One and Only",6.6,"Richard Loncraine"
"A Bit of Fry and Laurie",8.4,"N/A"
"Words and Pictures",6.6,"Fred Schepisi"
"To Bed or Not to Bed",6.8,"Gian Luigi Polidoro"
"Do or Die",7.6,"N/A"
"Cinderella or The Glass Slipper",6,"Georges Méliès"
"Screaming for Sanity: Truth or Dare 3",7.5,"Tim Ritter"
"Leisure Suit Larry 6: Shape Up or Slip Out!",8.1,"Al Lowe"
"Deal or No Deal",5.2,"N/A"
"Truth or Scare",8.4,"N/A"
"The Stenographer's Friend; Or, What Was Accomplished by an Edison Business Phonograph",5,"N/A"
"Fake or Fortune?",8.6,"N/A"
"Yes or No 2.5",7.3,"Kirati Nakintanon"
"Kicking and Screaming",7.1,"Noah Baumbach"
"Secrets and Lies",7.7,"N/A"
"Allan Quatermain and the Lost City of Gold",4.3,"Gary Nelson"
"Tom and Jerry: The Movie",5.3,"Phil Roman"
"A Man and a Woman",7.7,"Claude Lelouch"
"War and Peace",6.8,"King Vidor"
"In Love and War",6,"Richard Attenborough"
"Connie and Carla",6.3,"Michael Lembeck"
"The Sorcerer and the White Snake",5.9,"Siu-Tung Ching"
"Mr. Show with Bob and David",8.5,"N/A"
"Mondomanila, or: How I Fixed My Hair After a Rather Long Journey",6.4,"Khavn"
"Dead or Alive Xtreme 2",7.7,"Katsunori Ehara"
"Come Rain or Come Shine",3.3,"Spike Lee"
"Married People, Single Sex II: For Better or Worse",3.1,"Mike Sedan"
"The Key for Determining Dwarfs or The Last Travel of Lemuel Gulliver",7.6,"Martin Sulík"
"Trick or Tweet",6.8,"Friz Freleng"
"N or NW",6.9,"Len Lye"
"Guilty or Innocent: The Sam Sheppard Murder Case",7.7,"Robert Michael Lewis"
"Love Free or Die",7.2,"Macky Alston"
"Do or Die",7.5,"N/A"
"The Beautician and the Beast",5.3,"Ken Kwapis"
"Lady and the Tramp 2: Scamp's Adventure",5.9,"Darrell Rooney, Jeannine Roussel"
"Before and After",6.1,"Barbet Schroeder"
"To Be and to Have",7.9,"Nicolas Philibert"
"Dr. Jekyll and Mr. Hyde",6.9,"Victor Fleming"
"Gonzo: The Life and Work of Dr. Hunter S. Thompson",7.8,"Alex Gibney"
"Asterix and Obelix: Mansion of the Gods",7,"Louis Clichy, Alexandre Astier"
"Fire and Ice",6.7,"Ralph Bakshi"
"Eternity and a Day",7.8,"Theodoros Angelopoulos"
"Smokey and the Bandit Part 3",3.3,"Dick Lowry"
"Alice in Wonderland or What's a Nice Kid Like You Doing in a Place Like This?",7,"Alex Lovy"
"On the Marriage Broker Joke as Cited by Sigmund Freud in Wit and Its Relation to the Unconscious or Can the Avant-Garde Artist Be Wholed?",5.8,"Owen Land"
"Jews in Space or Why Is this Night Different from All Other Nights?",6.8,"Gabriel Lichtmann"
"Without Trumpet or Drum",4.8,"Helmut Käutner"
"Marry Me or Die",7.3,"Bob Hoge"
"Killing Dad or How to Love Your Mother",4.8,"Michael Austin"
"Wanted! Bruce Li, Dead or Alive",7.2,"Fei Lung Huang"
"Dead or Alive Xtreme Beach Volleyball",7.3,"Tomonobu Itagaki"
"For Love or Money",4.8,"Simon X. Rost"
"Tender Dracula, or Confessions of a Blood Drinker",4.3,"Pierre Grunstein"
"The Wind and the Lion",7,"John Milius"
"Space: Above and Beyond",7.7,"N/A"
"Bodyguards and Assassins",6.9,"Teddy Chan"
"Beauty and the Beast: The Enchanted Christmas",6.1,"Andrew Knight"
"Asterix and Caesar",6.8,"Gaëtan Brizzi, Paul Brizzi"
"That Mitchell and Webb Look",8,"N/A"
"12 and Holding",7.6,"Michael Cuesta"
"The Bachelor and the Bobby-Soxer",7.3,"Irving Reis"
"Pride and Prejudice",7.5,"Robert Z. Leonard"
"Date and Switch",5.8,"Chris Nelson"
"Halt, or I'll Miss!",5.2,"Jirí Chlumský"
"Right Foot, Left Foot or The Daring Young Man in the Cubicle",8.3,"Daniel Poliner"
"Bjork: Inner or Deep Part of an Animal or Plant Structure",7.3,"Ragnheiður Gestsdóttir"
"UFC 67: All or Nothing",7.4,"Anthony Giordano"
"Date or Disaster",8.1,"Richard Elfman"
"Night or Day",4.9,"Risto Jarva, Jaakko Pakkasvirta"
"Francophrenia (Or Don't Kill Me, I Know Where the Baby Is)",5.7,"James Franco, Ian Olds"
"Two AM; or, The Husband's Return",5.5,"N/A"
"Eyes Do Not Want to Close at All Times, or, Perhaps One Day Rome Will Allow Herself to Choose in Her Turn",7.8,"Danièle Huillet, Jean-Marie Straub"
"Man or Gun",5.8,"Albert C. Gannaway"
"Horace and Pete",8.9,"N/A"
"Kirikou and the Sorceress",7.6,"Michel Ocelot"
"Two Girls and a Guy",5.6,"James Toback"
"Yours, Mine and Ours",7.2,"Melville Shavelson"
"Me, Myself and Mum",6.7,"Guillaume Gallienne"
"The Prince and the Showgirl",6.7,"Laurence Olivier"
"Flesh and Bone",8.1,"N/A"
"Oscar and Lucinda",6.7,"Gillian Armstrong"
"The 41-Year-Old Virgin Who Knocked Up Sarah Marshall and Felt Superbad About It",2.7,"Craig Moss"
"Arthur and the Revenge of Maltazard",5.3,"Luc Besson"
"Believe It or Else",6.9,"Tex Avery"
"Upside Down; or, The Human Flies",6.4,"Walter R. Booth"
"Dead or Alive",6.9,"Tomonobu Itagaki"
"The Strenuous Life; or, Anti-Race Suicide",4.8,"Edwin S. Porter"
"Dennis Hopper: Create (or Die)",7.5,"Henning Lohner, Ariane Riecker"
"Foxy Grandpa Shows the Boys a Trick or Two with the Tramp",8.2,"N/A"
"The Black Ball; or, Vengeance Bequeathed",5.3,"Franz Hofer"
"Dead or Alive 2 Ultimate",7.8,"Tomonobu Itagaki"
"Chicken or the Egg",7.2,"Elaine Wu"
"Come Hell or Highwater",5.2,"Todd E. Freeman"
"How to Rob a Bank (and 10 Tips to Actually Get Away with It)",6.2,"Andrews Jenkins"
"Tinker Bell and the Great Fairy Rescue",7,"Bradley Raymond"
"The Bold and the Beautiful",3.5,"N/A"
"Captain Planet and the Planeteers",6.7,"N/A"
"Mater and the Ghostlight",6.7,"John Lasseter, Dan Scanlon"
"...And God Created Woman",6.3,"Roger Vadim"
"The Boy and the Beast",7.7,"Mamoru Hosoda"
"The 41-Year-Old Virgin Who Knocked Up Sarah Marshall and Felt Superbad About It",2.7,"Craig Moss"
"The Old Man and the Sea",7,"John Sturges, Henry King, Fred Zinnemann"
"Fat Man and Little Boy",6.5,"Roland Joffé"
"To Suntan or Suicide",6.9,"Yee Sing Cheng, A. Hugh Wong"
"Dead or Alive 5",7.8,"Yohei Shimbori, Ryuji Kitaura, Yoshiko Koyama, Tom Lee"
"Coffee, Tea or Me",5.9,"Bob Vosse"
"OJ Simpson: Monster or Myth?",4.9,"Jay Gira"
"Win, Lose or Draw",6.5,"N/A"
"One Fast Move or I'm Gone: Kerouac's Big Sur",8.2,"Curt Worden"
"Friday or Another Day",6.4,"Yvan Le Moine"
"Briar-Rose or the Sleeping Beauty",7,"Kihachiro Kawamoto"
"Gay, Straight or Taken?",6.3,"N/A"
"Friend or Foe",6.7,"N/A"
"Ugly, Dirty and Bad",7.9,"Ettore Scola"
"Fear and Desire",5.6,"Stanley Kubrick"
"Saturday Night and Sunday Morning",7.7,"Karel Reisz"
"Eddie and the Cruisers",6.9,"Martin Davidson"
"Asterix and the Big Fight",6.4,"Philippe Grimond"
"Nico and Dani",6.9,"Cesc Gay"
"Darby O'Gill and the Little People",7.2,"Robert Stevenson"
"Batman: The Brave and the Bold",7.3,"N/A"
"The Emperor and the Assassin",7.3,"Kaige Chen"
"Cops and Robbersons",5,"Michael Ritchie"
"Give or Take an Inch",7,"Lee Friedlander"
"Mercy or Murder?",7.5,"Steve Gethers"
"Kick or Die",2.9,"Charles Norton"
"Truth or Dare",5,"Stuart Clarke"
"God or the Girl",7.6,"N/A"
"Elise, or Real Life",6.9,"Michel Drach"
"Love or Death",6,"Daniel Kusan"
"Monday or Tuesday",7.9,"Vatroslav Mimica"
"Keyser Söze: Lie or Legend?",6.9,"N/A"
"Mysterious Cafe, or Mr. and Mrs. Spoopendyke Have Troubles with a Waiter",5.4,"J. Stuart Blackton, Albert E. Smith"
"The Life and Times of Judge Roy Bean",7,"John Huston"
"Krabat and the Legend of the Satanic Mill",6.1,"Marco Kreuzpaintner"
"Trial and Error",5.7,"Jonathan Lynn"
"Sanford and Son",7.9,"N/A"
"Wives and Daughters",8.2,"N/A"
"Tinker Bell and the Legend of the NeverBeast",7.3,"Steve Loter"
"Yesterday, Today and Tomorrow",7.3,"Vittorio De Sica"
"U2: Rattle and Hum",7.4,"Phil Joanou"
"Live and Become",7.9,"Radu Mihaileanu"
"Valerie and Her Week of Wonders",7.2,"Jaromil Jires"
"From Mesmer, with Love or Tea for Two",7.6,"Salvador Aguirre, Alejandro Lubezki"
"For Love or Money",6,"Xixi Gao"
"Shine or Go Crazy",7.6,"N/A"
"Deal or No Deal - Die Show der Glücksspirale",3.2,"N/A"
"Blondie: One Way or Another",7.8,"Matt O'Casey"
"Paris or Somewhere",7,"Brad Turner"
"What Came Out of the Cheese; or, The Lilliputians in a New York Restaurant",5.9,"Walter R. Booth"
"Right or Wrong?",3.8,"N/A"
"Better or Worse?",5.3,"Jocelyn Cammack"
"Heads or Tails",7.2,"Clark Kline, Joey McAdams"
"Blood and Black Lace",7.3,"Mario Bava"
"Sinbad and the Eye of the Tiger",6.4,"Sam Wanamaker"
"Starsky and Hutch",7,"N/A"
"You, Me and the Apocalypse",7.8,"N/A"
"The Agony and the Ecstasy",7.2,"Carol Reed"
"Samson and Delilah",6.8,"Cecil B. DeMille"
"The World is Big and Salvation Lurks Around the Corner",8.1,"Stephan Komandarev"
"The Filth and the Fury",7.7,"Julien Temple"
"War and Peace",7.8,"Sergey Bondarchuk"
"An Adventure in Space and Time",8.3,"Terry McDonough"
"The Talisman or Sheep's Foot",6.3,"Albert Capellani"
"Choose or Lose",8.2,"Gregory Monro"
"Black History: Lost Stolen, or Strayed",7.6,"N/A"
"Kill or Cure",5.6,"Scott Pembroke"
"For Love or Money",6.1,"Zoltan Korda"
"A Frontier Flirtation; or, How the Tenderfoot Won Out",4.6,"N/A"
"For Love or Money",5.8,"N/A"
"Choose or Lose Presents: The Best Place to Start",7,"Drew Barrymore"
"Scott Pilgrim vs. The World vs. Funny or Die",6.9,"N/A"
"2D or not 2D",6.6,"Paul Driessen"
"Mr. Death: The Rise and Fall of Fred A. Leuchter, Jr.",7.5,"Errol Morris"
"Lone Wolf and Cub: Sword of Vengeance",7.9,"Kenji Misumi"
"Naomi and Ely's No Kiss List",5.7,"Kristin Hanggi"
"Phineas and Ferb the Movie: Across the 2nd Dimension",7.5,"Robert Hughes, Dan Povenmire"
"Aileen: Life and Death of a Serial Killer",7.2,"Nick Broomfield, Joan Churchill"
"Ben and Kate",6.6,"N/A"
"Sinners and Saints",6.2,"William Kaufman"
"Bread and Roses",7.1,"Ken Loach"
"Beauty and the Beast",7.1,"N/A"
"Clean and Sober",6.7,"Glenn Gordon Caron"
"No Fighting in the War Room or Dr. Strangelove and the Nuclear Threat",6.5,"John Scheinfeld"
"Sobhraj, or How to Be Friends with a Serial Killer",6.4,"Jan Wellmann, Anil Goel"
"A Portrait of an Artist: The Making of 'Get Rich or Die Tryin'",7,"Zhara Moufid"
"Charleen or How Long Has This Been Going On?",7.4,"Ross McElwee"
"The Trainer's Daughter; or, A Race for Love",4.5,"J. Searle Dawley, Edwin S. Porter"
"Rockin' with Seka or... Seka's Cruise",7.7,"Ziggy Zigowitz Jr."
"Ten Dollars or Ten Days",5.9,"Del Lord"
"Love or Money",6.3,"Martyn Friend"
"Dying or Feeling Better",5.1,"Laurence Ferreira Barbosa"
"La corne d'or",6.7,"Maurice Pialat"
"Justin and the Knights of Valour",6.1,"Manuel Sicilia"
"Terms and Conditions May Apply",7.4,"Cullen Hoback"
"The Young and the Restless",5.2,"N/A"
"Jem and the Holograms",4,"Jon M. Chu"
"Home and Away",5.2,"N/A"
"Thunder and the House of Magic",6.3,"Jeremy Degruson, Ben Stassen"
"Trinity: Good Guys and Bad Guys",6.2,"Bruno Corbucci"
"Einstein and Eddington",7.4,"Philip Martin"
"The Sword and the Sorcerer",5.7,"Albert Pyun"
"The High and the Mighty",6.9,"William A. Wellman"
"Germinal; or, The Toll of Labor",7.1,"Albert Capellani"
"Simone Barbes or Virtue",6.8,"Marie-Claude Treilhou"
"Everything or Nothing",8.1,"Gary Chason"
"Bette Midler: Art or Bust",8.6,"Thomas Schlamme"
"The Twentieth Century Tramp; or, Happy Hooligan and His Airship",5.3,"N/A"
"With or Without You",7,"Wendell Jon Andersson"
"Tupac Assassination: Conspiracy or Revenge",7.4,"Richard Bond"
"The Money or the Gun: Stairways to Heaven",8.5,"Martin Coombes"
"Love or Money",4.7,"Todd Hallowell"
"Dragons or Dinosaurs?",5.7,"André van Heerden"
"Love, Honor and Obey",6.5,"Dominic Anciano, Ray Burdis"
"Of Mice and Men",7.8,"Lewis Milestone"
"The Major and the Minor",7.6,"Billy Wilder"
"Hearts and Minds",8.4,"Peter Davis"
"Tromeo and Juliet",6.2,"Lloyd Kaufman"
"Sawdust and Tinsel",7.7,"Ingmar Bergman"
"Me and You",6.6,"Bernardo Bertolucci"
"Strawberry and Chocolate",7.4,"Tomás Gutiérrez Alea, Juan Carlos Tabío"
"Five Children and It",5.6,"John Stephenson"
"Get Smart's Bruce and Lloyd Out of Control",5,"Gil Junger"
"Die Now or Live Forever",8.7,"Dominic Fera"
"Double or Nothing",6.9,"Roy Mack"
"Cinderella or The Glass Slipper",5.7,"Georges Méliès"
"Claude Sautet or the Invisible Magic",7.2,"N.T. Binh"
"For Better or for Worse",7.3,"N/A"
"Guilty or Innocent?",8.1,"N/A"
"Somebody or The Rise and Fall of Philosophy",4.7,"Axel Hildebrand"
"Heads or Tails",5.9,"Piero Pierotti"
"Wedding Advice: Speak Now or Forever Hold Your Peace",8,"Karen Sosnoski, Fred Zeytoonjian"
"TV's Believe It or Not",4,"N/A"
"And the Ship Sails On",7.7,"Federico Fellini"
"The Ghost and Mr. Chicken",7.4,"Alan Rafkin"
"Roman Polanski: Wanted and Desired",7.3,"Marina Zenovich"
"...And They Lived Happily Ever After",6.6,"Yvan Attal"
"Sherlock Holmes and the Secret Weapon",6.8,"Roy William Neill"
"Jack and the Cuckoo-Clock Heart",7,"Stéphane Berla, Mathias Malzieu"
"Elvis and Anabelle",7.4,"Will Geiger"
"House of Good and Evil",5.8,"David Mun"
"Jack and the Cuckoo-Clock Heart",7,"Stéphane Berla, Mathias Malzieu"
"Flesh and Bone",6.3,"Steve Kloves"
"Starz Inside: Ladies or Gentlemen",7.5,"Kevin Burns"
"Your Money or Your Life",7.7,"Jindrich Honzl"
"Your Money or Your Life",5.8,"Jerzy Skolimowski"
"Intergalactic Thanksgiving or Please Don't Eat the Planet",7.5,"Clive A. Smith"
"Deal or No Deal",5.5,"René Veilleux"
"Money or Mission",7.1,"John Lyde"
"Double Dip or: How Four Discs of Pearl Harbor Ruined My Life",7.6,"Brian Amyot"
"Bigfoot: Man or Beast?",7.6,"Lawrence Crowley"
"Quintana: Dead or Alive",4.7,"Vincenzo Musolino"
"My America... or Honk If You Love Buddha",7.9,"Renee Tajima-Pena"
"Liv and Maddie",6.2,"N/A"
"Read It and Weep",5.7,"Paul Hoen"
"Bunny and the Bull",6.7,"Paul King"
"The Incredibly Strange Creatures Who Stopped Living and Became Mixed-Up Zombies!!?",2.2,"Ray Dennis Steckler"
"Foo Fighters: Back and Forth",8.4,"James Moll"
"Angels and Insects",7,"Philip Haas"
"Masked and Anonymous",5.5,"Larry Charles"
"Oranges and Sunshine",7.1,"Jim Loach"
"Harry and Tonto",7.5,"Paul Mazursky"
"Jason and the Argonauts",5.9,"N/A"
"Ariane ou l'âge d'or",7.6,"Bernard Dartigues"
"Alvin and the Chipmunks: Trick or Treason",7.3,"Walt Kubiak"
"Analog Hero in a Digital World: Making of 'Live Free or Die Hard'",6.9,"N/A"
"Dragons or Dinosaurs?",5.7,"André van Heerden"
"The 300: Fact or Fiction?",6.1,"N/A"
"Pippa Passes; or, The Song of Conscience",5.9,"D.W. Griffith"
"All or Nothing",5.7,"Adisa"
"Duncan or Devonald with Muslin Cloud",5.2,"William K.L. Dickson, William Heise"
"It's Me or the Dog",6.9,"N/A"
"Life or Death",7.6,"Kamal El Sheikh"
"Pat and Mike",7,"George Cukor"
"Angel and the Badman",7,"James Edward Grant"
"Abbott and Costello Meet the Mummy",6.5,"Charles Lamont"
"The King and the Clown",7.5,"Joon-ik Lee"
"The Private Lives of Elizabeth and Essex",7.2,"Michael Curtiz"
"Fando and Lis",7.1,"Alejandro Jodorowsky"
"Jonestown: The Life and Death of Peoples Temple",7.9,"Stanley Nelson"
"Cutie and the Boxer",7.2,"Zachary Heinzerling"
"Tarzan and His Mate",7.6,"Cedric Gibbons, Jack Conway, James C. McKay"
"Sex and Breakfast",5,"Miles Brandman"
"Lennon or McCartney",6.2,"Matt Schichter"
"For Better or Nurse",7.1,"Izzy Sparber"
"You've Got to Walk It Like You Talk It or You'll Lose That Beat",5.4,"Peter Locke"
"Double or Nothing",6,"Joseph Henabery"
"Deal or No Deal",5.4,"N/A"
"Tetherball, or Do-Do",5.1,"Robert W. Paul"
"'They Died with Their Boots On': To Hell or Glory",6.1,"N/A"
"Buskers; For Love or Money",7.1,"Chad S. Taylor"
"Hostage Do or Die",8.6,"N/A"
"Truth or Dare",7.3,"Vee Vitanza"
"To Hell and Back",7.5,"Jesse Hibbs"
"The Adventures of Sherlock Holmes and Dr. Watson: The Hound of the Baskervilles",8.9,"Igor Maslennikov"
"Balzac and the Little Chinese Seamstress",7.3,"Sijie Dai"
"A Genius, Two Friends, and an Idiot",6.4,"Damiano Damiani, Sergio Leone"
"Warriors of Heaven and Earth",6.4,"Ping He"
"Night and the City",5.9,"Irwin Winkler"
"André and Wally B.",5.4,"Alvy Ray Smith"
"Mr. and Mrs. Iyer",8,"Aparna Sen"
"Tito and Me",8.1,"Goran Markovic"
"Mrs. Parker and the Vicious Circle",6.4,"Alan Rudolph"
"K-G for Better or for Worse",6.5,"Jens Jonsson"
"Long Strange Trip, or The Writer, the Naked Girl, and the Guy with a Hole in His Head",5.8,"Peter Wick"
"Hurry Up, or I'll Be 30",5.5,"Joseph Jacoby"
"Win, Place or Steal",4,"Richard Bailey"
"Inside or Outside",5.5,"Gary Wing-Lun Mak"
"Believe It or Not #1",5.5,"Murray Roth"
"Life or Meth",8.3,"Tim Stokes"
"Deal or No Deal",4.3,"N/A"
"Hitched or Ditched",4.7,"N/A"
"Believe it or Don't",5.4,"Charles R. Bowers"
"Lisbela and the Prisoner",7.5,"Guel Arraes"
"Time and Tide",6.9,"Hark Tsui"
"Ginger and Fred",7.3,"Federico Fellini"
"Manufacturing Consent: Noam Chomsky and the Media",8.2,"Mark Achbar, Peter Wintonick"
"Abbott and Costello Meet the Invisible Man",7,"Charles Lamont"
"Winnie the Pooh and the Blustery Day",8,"Wolfgang Reitherman"
"Father and Daughter",7.9,"Michael Dudok de Wit"
"The Mother and the Whore",8.2,"Jean Eustache"
"Fear and Trembling",7.1,"Alain Corneau"
"Dr. Jekyll and Mr. Hyde",7,"John S. Robertson"
"Rameses: Wrath of God or Man?",5.3,"Mark Aldridge, Tom Pollock"
"Ontologica! or a Brief Explanation of Absolutely Everything that is Known about Absolutely Everything",7.5,"Skylar Gordon"
"Double or Nothing",5.9,"Nathaniel Krause"
"Sync or Swim",7.9,"Cheryl Furjanic"
"'LSD': Trip or Trap!",5.8,"N/A"
"Beg, Borrow, or Steal",6.7,"David Lowell Rich"
"Are You Engaged to a Greek Sailor or an Airline Pilot?",5.1,"Jean Aurel"
"Wild Honey, or, How to Get Along Without a Ration Book",6.1,"Rudolf Ising"
"To Boo or Not to Boo",6.4,"Izzy Sparber"
"Dick Deadeye, or Duty Done",6.8,"Bill Melendez"
"Lone Wolf and Cub: Baby Cart at the River Styx",8.1,"Kenji Misumi"
"Pepi, Luci, Bom and Other Girls Like Mom",6.3,"Pedro Almodóvar"
"Scooby-Doo and the Witch's Ghost",7.2,"Jim Stenstrum"
"The Devil and Daniel Webster",7.8,"William Dieterle"
"Mom and Dad Save the World",5.3,"Greg Beeman"
"Biggie and Tupac",6.9,"Nick Broomfield"
"Melvin and Howard",6.9,"Jonathan Demme"
"Robin and the 7 Hoods",6.5,"Gordon Douglas"
"Celine and Julie Go Boating",7.8,"Jacques Rivette"
"Love and Death on Long Island",7.1,"Richard Kwietniowski"
"The Switch or How to Alter Your Ego",6.5,"Joseph W. Sarno"
"Heads or Tails",6.6,"Bahrudin 'Bato' Cengic"
"Ripley's Believe It or Not!",7.9,"Ronald Lyon"
"Broadway or Bust",7.9,"N/A"
"Zombie or Not Zombie",8.5,"Larry Rosen, Jason Counterman, Mikki St.Pierre"
"Head, Heart and Balls... or Why I Gave Up Smoking Pot",7.8,"Peter Foldy"
"Come Rain or Shine",8.3,"Anthony Mathile"
"Regular or Super: Views on Mies van der Rohe",7.2,"Patrick Demers, Joseph Hillel"
"Kill or Be Killed",5.8,"Max Nosseck"
"Girl or Boy?",6,"Vladimír Slavínský"
"Hansel and Gretel",6.8,"Pil-sung Yim"
"Hit and Run",4.6,"Enda McCallion"
"Nicholas and Alexandra",7.3,"Franklin J. Schaffner"
"The Steamroller and the Violin",7.6,"Andrei Tarkovsky"
"The Last Will and Testament of Rosalind Leigh",5.3,"Rodrigo Gudiño"
"Tooth and Nail",4.9,"Mark Young"
"Miracles - Mr. Canton and Lady Rose",7.2,"Jackie Chan"
"Fox and His Friends",7.8,"Rainer Werner Fassbinder"
"The King and the Mockingbird",8,"Paul Grimault"
"North and South, Book II",8.1,"N/A"
"Believe It or Not #2",5.6,"Murray Roth"
"Dead or Alive",5.7,"Elmer Clifton"
"Clay or the Origin of Species",6.7,"N/A"
"Dead or Alive 1 Ultimate",6.3,"Tomonobu Itagaki"
"For Right or Wrong",7.6,"Matt Goodman"
"Tartuffe, or The Impostor",7.4,"Bill Alexander"
"The Day the Women Took Over or I Was a Teenage Neo-Impressionist",6.2,"Mads Larsen Nielsen, Peter Ørskov Madsen"
"Ashley Paige Bikini or Bust",6.6,"N/A"
"For Better or for Worse: The Bestest Present",7.7,"Sebastian Grunstra"
"Ai Weiwei: Without Fear or Favour",7.3,"Matthew Springford"
"Love and a .45",6.1,"C.M. Talkington"
"Abbott and Costello Meet Dr. Jekyll and Mr. Hyde",6.7,"Charles Lamont"
"Godzilla, Mothra and King Ghidorah: Giant Monsters All-Out Attack",7.2,"Shûsuke Kaneko"
"The One and Only",6.9,"Susanne Bier"
"The Pebble and the Penguin",5.6,"Don Bluth, Gary Goldman"
"Guns, Girls and Gambling",5.5,"Michael Winnick"
"Flesh and the Devil",8.1,"Clarence Brown"
"An Empress and the Warriors",5.9,"Siu-Tung Ching"
"Body and Soul",7.8,"Robert Rossen"
"A Thin Line Between Love and Hate",5.6,"Martin Lawrence"
"Sinner or Saint",6.7,"N/A"
"Deadly Dares: Truth or Dare Part IV",7,"Tim Ritter"
"For Here or to Go?",8.7,"Rucha Humnabadkar"
"Airlock, or How to Say Goodbye in Space",6.6,"Chris Boyle"
"Dio: Evil or Divine",8.5,"Kenneth Botelho"
"Profit & Nothing But! Or Impolite Thoughts on the Class Struggle",7.6,"Raoul Peck"
"Mickey Rourke, Actor or Boxer?",6.6,"Andrew Chojecki"
"Your Face or Mine?",7,"N/A"
"One or the Other",6.4,"Alejo Taube"
"The Origin or How I Learned to Stop Worrying and Love the J.O.I.N.T.",8.8,"Sara Bond, Jimmi James"
"All This, and Heaven Too",7.7,"Anatole Litvak"
"Buffalo Bill and the Indians, or Sitting Bull's History Lesson",6.2,"Robert Altman"
"The Kingdom of Dreams and Madness",7.8,"Mami Sunada"
"For Love and Gold",8,"Mario Monicelli"
"Mr. and Mrs. Smith",6.4,"Doug Liman"
"Blonde and Blonder",2.9,"Dean Hamilton"
"High Heels and Low Lifes",6.2,"Mel Smith"
"Saints and Soldiers: Airborne Creed",5.6,"Ryan Little"
"Ashes and Snow",8.4,"Gregory Colbert"
"George and the Dragon",5.7,"Tom Reeve"
"Naughty or Nice",6.1,"Chris Tyrrell"
"Tonight or Never",7.6,"Daniel Schmid"
"Why I'll Never Trust You (In 200 Words or Less)",6.4,"Cassandra Nicolaou"
"Husbands or Lovers",6.7,"Paul Czinner"
"Hot Noon or 12 O'Clock for Sure",6.4,"Paul J. Smith"
"Crimson Bat - Oichi: Wanted, Dead or Alive",6.7,"Hirokazu Ichimura"
"Full or Empty",6.9,"Abolfazl Jalili"
"To Buy or Not to Buy",6.5,"N/A"
"For Better or for Worse",5.1,"N/A"
"Parade, or Here They Come Down Our Street",6.9,"Charles Eames, Ray Eames"
"Fun with Dick and Jane",6.5,"Ted Kotcheff"
"Snow Flower and the Secret Fan",6.1,"Wayne Wang"
"Lone Wolf and Cub: Baby Cart to Hades",7.8,"Kenji Misumi"
"The King and I",4,"Richard Rich"
"Babylon 5: The Legend of the Rangers: To Live and Die in Starlight",6.1,"Michael Vejar"
"The Mill and the Cross",6.9,"Lech Majewski"
"Christopher and His Kind",7,"Geoffrey Sax"
"Sherlock Holmes and the Voice of Terror",6.8,"John Rawlins"
"The Pit and the Pendulum",6.1,"Stuart Gordon"
"Moonlight and Valentino",5.8,"David Anspaugh"
"Love Me or Leave Me",6.9,"John Ruffin"
"More or Less",6.4,"Alexander Siqueira"
"Motherland or Death",7.1,"Vitaliy Manskiy"
"Live Free or Die Hard: Inside the Action",8.3,"Mike Gunther, Christopher Williams"
"Ready or Not",4.1,"Alek Lev"
"Believe It or Not #9",6.2,"Arthur Hurley"
"Suit Yourself or Shoot Yourself: The Hero",7.2,"Kiyoshi Kurosawa"
"Friend or Phony",6.5,"Izzy Sparber"
"Dance or Die",3.2,"Richard W. Munchkin"
"Durango Is Coming, Pay or Die",4,"Roberto Bianchi Montero"
"Toddlers and Tiaras",1.8,"N/A"
"Horatio Hornblower: The Duchess and the Devil",8,"Andrew Grieve"
"With Fire and Sword",7.1,"Jerzy Hoffman"
"Times and Winds",7.4,"Reha Erdem"
"Bedrooms and Hallways",6.5,"Rose Troche"
"Godzilla and Mothra: The Battle for Earth",6.1,"Takao Okawara"
"The Wild and Wonderful Whites of West Virginia",7.1,"Julien Nitzberg"
"Thomas and the Magic Railroad",3.6,"Britt Allcroft"
"The Hawks and the Sparrows",7.5,"Pier Paolo Pasolini"
"Drake and Josh Go Hollywood",6.9,"Steve Hoefer"
"Friend or Foe",6.1,"John Krish"
"Life or Debt",8.1,"N/A"
"For Love or Money",5.2,"Terry Hughes"
"A Day on the Grand Canal with the Emperor of China or: Surface Is Illusion But So Is Depth",6.9,"Philip Haas"
"Sooner or Later",3,"Anne-Marie Etienne"
"Believe It or Not #4",5.8,"Arthur Hurley"
"Don't Turn Around, or You'll Be Sorry",5.2,"Clarence Yiu-leung Fok"
"Big Bird's Birthday or Let Me Eat Cake",7.5,"Jon Stone, Lisa Simon, Emily Squires"
"Come Rain or Come Shine: From Grey's Anatomy to Private Practice",7.4,"N/A"
"Pierrot in Turquoise or The Looking Glass Murders",5.9,"Brian Mahoney"
"Minnie and Moskowitz",7.5,"John Cassavetes"
"Abbott and Costello Meet the Killer, Boris Karloff",7.1,"Charles Barton"
"Auschwitz: The Nazis and the 'Final Solution'",8.7,"N/A"
"Mother and Son",7.6,"Aleksandr Sokurov"
"Hell and Back",5.3,"Tom Gianas, Ross Shuman"
"Scooby-Doo and the Cyber Chase",6.9,"Jim Stenstrum"
"Scooby-Doo and the Alien Invaders",6.8,"Jim Stenstrum"
"Todd and the Book of Pure Evil",8.3,"N/A"
"Dr. Who and the Daleks",5.7,"Gordon Flemyng"
"The Old Man and the Sea",8.1,"Aleksandr Petrov"
"Angels vs. Demons: Fact or Fiction?",7,"Will Ehbrecht"
"Hell's Fury: Wanted Dead or Alive",3.5,"Alan Chan"
"Dead or Alive 5 Ultimate",8.2,"Yohei Shimbori"
"The Polymath, or The Life and Opinions of Samuel R. Delany, Gentleman",6.6,"Fred Barney Taylor"
"Alice or Life in Black and White",6.5,"Sophie Schoukens"
"Highlander 2: To Be or Not to Be a Sequel",6.6,"N/A"
"Dead or Alive: Rip It Up Live",8.8,"N/A"
"Fact or Fiction: Braveheart",6.8,"David Willcock"
"Angels: Good or Evil",6.5,"Joshua Alper"
"Paradise Not Yet Lost, or Oona's Third Year",8,"Jonas Mekas"
"Bernard and Doris",6.6,"Bob Balaban"
"Seven and a Half",7.8,"Miroslav Momcilovic"
"Trinity and Beyond: The Atomic Bomb Movie",8,"Peter Kuran"
"Todd and the Book of Pure Evil",8.3,"N/A"
"Jack and the Beanstalk: The Real Story",6.9,"N/A"
"Two Pints of Lager and a Packet of Crisps",7,"N/A"
"Kröd Mändoon and the Flaming Sword of Fire",7.2,"N/A"
"Once Upon a Time in China and America",6.4,"Sammo Kam-Bo Hung"
"Going to Pieces: The Rise and Fall of the Slasher Film",7.3,"N/A"
"Beauty and the Bastard",6.6,"Dome Karukoski"
"Believe It or Not (Second Series) #3",5.3,"N/A"
"Jacks or Better",4.5,"Robert Sidney Mellette"
"Kean: Genius or Scoundrel",6.3,"Vittorio Gassman, Francesco Rosi"
"Your Money or Your Life",4.9,"Henning Carlsen"
"Forgive or Forget",7.5,"N/A"
"Singularity or Bust",6.8,"Raj Dye"
"All or Nothing",7,"Dave McGlone"
"Trick or Treat",6.7,"Anthony Straeger"
"SpongeBob's Truth or Square",7,"Douglas Carrigan"
"Eat or Be Eaten",7.8,"Philip Austin"
